"owner","repo","last_push","stars","forks","open_issues","last_issue_activity"
"schochastics","graphlayouts","2024-01-19 14:27:03",260,16,4,"2024-01-22 19:39:53"
"schochastics","netrankr","2023-12-20 18:20:59",47,3,0,NA
"schochastics","snahelper","2023-11-15 14:49:01",87,5,0,NA
"schochastics","signnet","2024-01-06 10:41:41",21,6,0,NA
"schochastics","edgebundle","2024-02-28 10:18:43",116,10,2,"2024-01-10 18:58:41"
"schochastics","networkdata","2024-02-01 19:16:07",138,14,0,NA
"schochastics","roughnet","2023-09-01 17:48:28",84,5,1,"2020-10-01 11:51:26"
"schochastics","roughsf","2023-10-13 18:23:08",68,3,1,"2022-01-27 20:57:41"
"schochastics","netUtils","2023-09-01 17:53:49",14,2,0,NA
"schochastics","rokemon","2022-01-11 14:26:07",92,7,0,NA
"schochastics","levelnet","2023-01-25 07:52:32",9,0,0,NA
"schochastics","PSAWR","2023-09-01 17:49:32",10,0,2,"2023-01-20 06:51:43"
"schochastics","Rtumblr","2023-09-01 17:50:53",1,0,1,"2023-01-12 08:51:04"
"schochastics","webtrackR","2024-01-29 20:56:23",9,2,5,"2024-01-31 06:22:36"
"schochastics","webbotparseR","2023-11-10 20:07:35",7,1,3,"2023-04-05 15:42:07"
"schochastics","stabilityAI","2024-01-19 20:04:38",11,1,0,NA
"schochastics","domainator","2023-10-09 13:01:19",0,1,4,"2023-09-13 16:45:36"
"schochastics","RFPNG","2023-12-10 20:22:14",3,0,1,"2023-12-10 19:59:02"
"schochastics","dialrs","2024-02-23 08:17:05",5,1,1,"2024-02-29 18:07:51"
"schochastics","timeless","2024-03-01 15:47:57",4,1,1,"2024-02-26 14:26:22"
"gesistsa","adaR","2024-02-19 08:14:15",26,2,6,"2024-02-19 08:16:06"
"gesistsa","rtoot","2024-01-16 09:48:30",98,14,5,"2024-02-15 20:47:57"
"schochastics","academicons","2024-01-12 21:31:14",50,4,0,NA
"schochastics","devicons","2024-01-12 17:47:37",3,1,0,NA
"schochastics","quarto-blackboard-theme","2024-02-14 19:59:18",32,2,1,"2022-09-01 18:35:26"
"schochastics","quarto-sketchy-html","2023-05-01 13:01:18",39,2,0,NA
"schochastics","quarto-social-share","2024-01-08 19:01:16",27,2,2,"2024-01-08 19:04:21"
"schochastics","quarto-nutshell","2024-02-18 19:42:10",59,0,0,NA
"schochastics","quartocities","2022-08-18 21:31:34",13,1,0,NA
"schochastics","quarto-glossary","2023-01-24 07:49:21",9,0,0,NA
"schochastics","quarto-cv","2023-07-17 08:43:36",88,9,1,"2024-02-26 19:40:22"
"schochastics","classic-cv","2023-10-16 07:00:13",13,5,0,NA
"schochastics","modern-cv","2023-07-17 08:51:37",6,3,0,NA
"schochastics","modern2-cv","2023-09-29 19:56:06",23,10,1,"2024-01-03 07:43:41"
"schochastics","sidebar-cv","2023-07-17 08:52:06",6,2,0,NA
